epoch,time,train/box_loss,train/cls_loss,train/dfl_loss,metrics/precision(B),metrics/recall(B),metrics/mAP50(B),metrics/mAP50-95(B),val/box_loss,val/cls_loss,val/dfl_loss,lr/pg0,lr/pg1,lr/pg2
1,120.811,1.19564,1.36295,0.90243,0.52386,0.27614,0.29549,0.23715,0.90073,0.84927,0.85695,0.0667655,1.8289e-05,1.8289e-05
2,239.031,1.04243,0.87155,0.8666,0.54456,0.42471,0.44123,0.35302,0.86527,0.66904,0.84737,0.0334504,3.65499e-05,3.65499e-05
3,356.69,0.975,0.7288,0.8564,0.62547,0.50667,0.53524,0.43787,0.8171,0.58652,0.8415,0.000135253,5.47381e-05,5.47381e-05
4,474.127,0.93409,0.65872,0.84905,0.71225,0.54781,0.58672,0.48285,0.78894,0.54061,0.8353,5.46733e-05,5.46733e-05,5.46733e-05
5,591.452,0.91343,0.62789,0.84538,0.77456,0.57021,0.62486,0.51246,0.79473,0.52278,0.83444,5.45644e-05,5.45644e-05,5.45644e-05
6,708.946,0.89352,0.59614,0.84184,0.76157,0.62469,0.67686,0.5582,0.76385,0.49454,0.83037,5.44555e-05,5.44555e-05,5.44555e-05
7,826.214,0.87683,0.57345,0.83997,0.76999,0.6491,0.70922,0.58432,0.77737,0.48716,0.82962,5.43466e-05,5.43466e-05,5.43466e-05
8,943.425,0.86606,0.55785,0.83741,0.76782,0.68216,0.73319,0.60576,0.74339,0.46539,0.82656,5.42377e-05,5.42377e-05,5.42377e-05
9,1060.8,0.8656,0.5455,0.83525,0.80886,0.70365,0.75636,0.62798,0.73841,0.45388,0.82604,5.41288e-05,5.41288e-05,5.41288e-05
10,1177.87,0.85357,0.54378,0.83525,0.80132,0.70733,0.76765,0.63489,0.73869,0.44831,0.82554,5.40199e-05,5.40199e-05,5.40199e-05
11,1294.84,0.84306,0.52148,0.83276,0.83,0.70696,0.77688,0.64637,0.73319,0.44186,0.8238,5.3911e-05,5.3911e-05,5.3911e-05
12,1411.99,0.83979,0.51382,0.83157,0.83578,0.71214,0.77994,0.64378,0.75284,0.44332,0.8241,5.38021e-05,5.38021e-05,5.38021e-05
13,1528.93,0.83309,0.50715,0.83075,0.845,0.72941,0.80297,0.6623,0.75437,0.44017,0.82376,5.36932e-05,5.36932e-05,5.36932e-05
14,1646.05,0.82664,0.49835,0.82985,0.85176,0.74342,0.8112,0.66869,0.74375,0.431,0.82306,5.35843e-05,5.35843e-05,5.35843e-05
15,1762.9,0.82282,0.49152,0.82913,0.85548,0.75404,0.81809,0.67745,0.73165,0.42292,0.82155,5.34754e-05,5.34754e-05,5.34754e-05
16,1879.79,0.81208,0.48587,0.82758,0.85717,0.75891,0.82388,0.67935,0.76174,0.42657,0.82165,5.33665e-05,5.33665e-05,5.33665e-05
17,1996.98,0.813,0.48136,0.8261,0.8576,0.76126,0.82699,0.6838,0.77002,0.42671,0.82172,5.32576e-05,5.32576e-05,5.32576e-05
18,2114.16,0.80672,0.47743,0.82577,0.86666,0.76102,0.83363,0.68686,0.75242,0.42129,0.82124,5.31487e-05,5.31487e-05,5.31487e-05
19,2231.14,0.8024,0.47523,0.82529,0.87529,0.7623,0.83406,0.68901,0.76113,0.41898,0.82136,5.30398e-05,5.30398e-05,5.30398e-05
20,2348.02,0.79314,0.46755,0.82476,0.88432,0.76877,0.84063,0.69456,0.74507,0.4107,0.81996,5.29309e-05,5.29309e-05,5.29309e-05
21,2464.94,0.78942,0.46332,0.82458,0.88968,0.76694,0.84152,0.6957,0.73843,0.41099,0.81915,5.2822e-05,5.2822e-05,5.2822e-05
22,2581.85,0.79121,0.46474,0.82437,0.88915,0.77438,0.84692,0.70509,0.71979,0.403,0.81675,5.27131e-05,5.27131e-05,5.27131e-05
23,2698.91,0.78632,0.4598,0.82377,0.88858,0.78424,0.85155,0.70263,0.75569,0.41001,0.81888,5.26042e-05,5.26042e-05,5.26042e-05
24,2816.25,0.78435,0.45597,0.82173,0.88151,0.78598,0.85539,0.70849,0.75254,0.40571,0.81745,5.24953e-05,5.24953e-05,5.24953e-05
25,2933.21,0.78239,0.45169,0.82148,0.88913,0.79043,0.8559,0.71131,0.73901,0.39951,0.81613,5.23864e-05,5.23864e-05,5.23864e-05
26,3050.23,0.77869,0.44925,0.82093,0.89796,0.77968,0.85636,0.70399,0.77535,0.40918,0.81791,5.22775e-05,5.22775e-05,5.22775e-05
27,3166.92,0.76951,0.44463,0.82,0.88637,0.78665,0.85631,0.70339,0.76079,0.40208,0.81727,5.21686e-05,5.21686e-05,5.21686e-05
28,3283.94,0.77287,0.44496,0.82101,0.89952,0.78688,0.85819,0.7097,0.73982,0.39724,0.81547,5.20597e-05,5.20597e-05,5.20597e-05
29,3400.68,0.76698,0.44078,0.81891,0.89987,0.78427,0.86005,0.70651,0.78226,0.40425,0.8173,5.19508e-05,5.19508e-05,5.19508e-05
30,3516.98,0.75967,0.43656,0.81936,0.90925,0.80214,0.87212,0.72111,0.75256,0.39403,0.81485,5.18419e-05,5.18419e-05,5.18419e-05
31,3633.51,0.75904,0.43479,0.81973,0.90618,0.79892,0.86964,0.72042,0.74397,0.3911,0.81426,5.1733e-05,5.1733e-05,5.1733e-05
32,3750.19,0.7561,0.43117,0.81657,0.91087,0.79695,0.86948,0.72087,0.742,0.3898,0.81451,5.16241e-05,5.16241e-05,5.16241e-05
33,3867.05,0.75987,0.4337,0.81655,0.90224,0.80293,0.87008,0.72045,0.758,0.39272,0.81559,5.15152e-05,5.15152e-05,5.15152e-05
34,3983.69,0.74911,0.4261,0.81663,0.89831,0.80084,0.86864,0.70833,0.77989,0.39999,0.81505,5.14063e-05,5.14063e-05,5.14063e-05
35,4100.33,0.74623,0.42518,0.8157,0.90335,0.80645,0.87436,0.72176,0.73867,0.38661,0.81371,5.12974e-05,5.12974e-05,5.12974e-05
36,4216.7,0.74624,0.42559,0.81573,0.90818,0.79718,0.87297,0.72292,0.74277,0.38709,0.81318,5.11885e-05,5.11885e-05,5.11885e-05
37,4333.25,0.74481,0.42407,0.81549,0.90899,0.80384,0.87462,0.72363,0.73995,0.38599,0.81311,5.10796e-05,5.10796e-05,5.10796e-05
38,4449.52,0.73581,0.42019,0.81492,0.90819,0.8062,0.87548,0.71681,0.768,0.39237,0.81349,5.09707e-05,5.09707e-05,5.09707e-05
39,4566.03,0.74566,0.42149,0.8153,0.91751,0.80309,0.87475,0.72121,0.7435,0.38512,0.81167,5.08618e-05,5.08618e-05,5.08618e-05
40,4682.67,0.73955,0.41844,0.8137,0.91868,0.80644,0.87737,0.72447,0.74714,0.3864,0.81216,5.07529e-05,5.07529e-05,5.07529e-05
41,4799.08,0.72863,0.41318,0.81377,0.91538,0.81198,0.87869,0.72902,0.741,0.38328,0.81215,5.0644e-05,5.0644e-05,5.0644e-05
42,4915.59,0.73177,0.41328,0.8135,0.9178,0.8118,0.87921,0.72236,0.76887,0.39148,0.81297,5.05351e-05,5.05351e-05,5.05351e-05
43,5032.04,0.72881,0.41236,0.81302,0.91102,0.81625,0.88076,0.72459,0.75972,0.3836,0.81143,5.04262e-05,5.04262e-05,5.04262e-05
44,5148.46,0.72272,0.40883,0.8129,0.92613,0.80947,0.88089,0.73153,0.72422,0.37648,0.8102,5.03173e-05,5.03173e-05,5.03173e-05
45,5265.13,0.72893,0.40989,0.81196,0.92147,0.81919,0.88606,0.73403,0.72577,0.37605,0.80958,5.02084e-05,5.02084e-05,5.02084e-05
46,5381.67,0.72171,0.40661,0.81191,0.92827,0.81729,0.88614,0.72568,0.75849,0.38156,0.81117,5.00995e-05,5.00995e-05,5.00995e-05
47,5498.13,0.72075,0.40458,0.81075,0.92632,0.81953,0.88996,0.73336,0.7421,0.37516,0.80983,4.99906e-05,4.99906e-05,4.99906e-05
48,5614.67,0.71371,0.4016,0.81036,0.92737,0.81872,0.88828,0.72777,0.7647,0.38073,0.81075,4.98817e-05,4.98817e-05,4.98817e-05
49,5731.36,0.71474,0.40096,0.80986,0.93021,0.81687,0.88601,0.72986,0.74421,0.37591,0.8093,4.97728e-05,4.97728e-05,4.97728e-05
50,5847.86,0.71044,0.39992,0.80993,0.93245,0.81511,0.88747,0.73291,0.75361,0.37679,0.80928,4.96639e-05,4.96639e-05,4.96639e-05
51,5964.37,0.70594,0.39693,0.81028,0.93412,0.81831,0.89019,0.73623,0.7397,0.37298,0.80927,4.9555e-05,4.9555e-05,4.9555e-05
52,6080.87,0.71206,0.39858,0.81051,0.92904,0.82318,0.89212,0.73303,0.76735,0.37896,0.80928,4.94461e-05,4.94461e-05,4.94461e-05
53,6197.37,0.70381,0.39492,0.8093,0.92628,0.82684,0.89443,0.74697,0.70174,0.36298,0.80666,4.93372e-05,4.93372e-05,4.93372e-05
54,6314.21,0.70996,0.3989,0.80923,0.9329,0.81863,0.89085,0.73447,0.744,0.3732,0.80897,4.92283e-05,4.92283e-05,4.92283e-05
55,6430.8,0.70632,0.3972,0.80847,0.92339,0.82409,0.89049,0.72735,0.77914,0.38128,0.81007,4.91194e-05,4.91194e-05,4.91194e-05
56,6547.41,0.70016,0.39236,0.80786,0.93272,0.82353,0.89047,0.73609,0.73298,0.36798,0.80789,4.90105e-05,4.90105e-05,4.90105e-05
57,6663.71,0.69618,0.38948,0.80782,0.93532,0.8239,0.89042,0.73265,0.75942,0.37424,0.80866,4.89016e-05,4.89016e-05,4.89016e-05
58,6780.21,0.69497,0.39074,0.8071,0.93277,0.82504,0.89215,0.73176,0.77174,0.37586,0.80885,4.87927e-05,4.87927e-05,4.87927e-05
59,6896.52,0.69649,0.39022,0.80838,0.93758,0.82387,0.89159,0.73428,0.74636,0.37051,0.80767,4.86838e-05,4.86838e-05,4.86838e-05
60,7013.14,0.69187,0.38911,0.80724,0.92704,0.8298,0.89442,0.74094,0.73084,0.36518,0.80683,4.85749e-05,4.85749e-05,4.85749e-05
61,7129.83,0.69426,0.38861,0.80798,0.93299,0.82698,0.89372,0.73566,0.76992,0.37435,0.80873,4.8466e-05,4.8466e-05,4.8466e-05
62,7246.13,0.68496,0.38407,0.80731,0.93416,0.82782,0.89568,0.74391,0.73739,0.36478,0.80722,4.83571e-05,4.83571e-05,4.83571e-05
63,7362.8,0.69609,0.38737,0.80596,0.93454,0.83101,0.89648,0.74144,0.74218,0.36615,0.8069,4.82482e-05,4.82482e-05,4.82482e-05
64,7479.31,0.68308,0.38104,0.80569,0.93645,0.82918,0.89617,0.74099,0.73649,0.36264,0.80637,4.81393e-05,4.81393e-05,4.81393e-05
65,7595.73,0.67902,0.3804,0.80568,0.94153,0.82984,0.89895,0.73952,0.76013,0.368,0.80701,4.80304e-05,4.80304e-05,4.80304e-05
66,7712.31,0.68124,0.38057,0.80469,0.93167,0.83031,0.89436,0.73828,0.74112,0.36511,0.80664,4.79215e-05,4.79215e-05,4.79215e-05
67,7828.73,0.67778,0.37964,0.8056,0.93842,0.83315,0.89977,0.7506,0.71452,0.35729,0.80513,4.78126e-05,4.78126e-05,4.78126e-05
68,7945.24,0.67286,0.3757,0.80503,0.93834,0.83032,0.89893,0.73935,0.75716,0.36568,0.80686,4.77037e-05,4.77037e-05,4.77037e-05
69,8061.84,0.67636,0.37837,0.80436,0.93301,0.82624,0.89615,0.73745,0.76231,0.3688,0.80705,4.75948e-05,4.75948e-05,4.75948e-05
70,8178.39,0.67316,0.37649,0.80438,0.93427,0.8328,0.8965,0.73506,0.7558,0.36621,0.80687,4.74859e-05,4.74859e-05,4.74859e-05
71,8295.02,0.67324,0.37594,0.80387,0.94117,0.82868,0.89931,0.74467,0.74316,0.3618,0.80569,4.7377e-05,4.7377e-05,4.7377e-05
72,8411.49,0.67104,0.37452,0.80356,0.94064,0.83242,0.89843,0.74688,0.72302,0.35648,0.80441,4.72681e-05,4.72681e-05,4.72681e-05
73,8527.99,0.66823,0.37326,0.8045,0.93827,0.83552,0.90025,0.75106,0.71658,0.3539,0.80445,4.71592e-05,4.71592e-05,4.71592e-05
74,8644.75,0.66662,0.37096,0.80248,0.9368,0.83189,0.89773,0.74223,0.73693,0.35957,0.80496,4.70503e-05,4.70503e-05,4.70503e-05
75,8761.27,0.66301,0.37051,0.80257,0.9347,0.83786,0.90121,0.75466,0.69204,0.34637,0.80346,4.69414e-05,4.69414e-05,4.69414e-05
76,8877.76,0.65644,0.3669,0.80193,0.93526,0.83499,0.90113,0.74802,0.72298,0.35426,0.80418,4.68325e-05,4.68325e-05,4.68325e-05
77,8994.14,0.65962,0.36902,0.80428,0.93921,0.83669,0.90188,0.74723,0.73848,0.35803,0.80526,4.67236e-05,4.67236e-05,4.67236e-05
78,9110.57,0.66273,0.37007,0.80355,0.93748,0.83005,0.89675,0.74998,0.69662,0.34701,0.8033,4.66147e-05,4.66147e-05,4.66147e-05
79,9226.9,0.65822,0.36872,0.80307,0.94463,0.83033,0.90028,0.74595,0.73838,0.35688,0.80404,4.65058e-05,4.65058e-05,4.65058e-05
80,9343.24,0.65664,0.36824,0.80356,0.94272,0.83315,0.90197,0.74697,0.73446,0.35655,0.80497,4.63969e-05,4.63969e-05,4.63969e-05
81,9459.77,0.6577,0.36574,0.80205,0.94133,0.83941,0.90271,0.74453,0.73968,0.35538,0.80426,4.6288e-05,4.6288e-05,4.6288e-05
82,9576.36,0.64599,0.36063,0.8014,0.94205,0.83799,0.90311,0.75331,0.70777,0.34777,0.80228,4.61791e-05,4.61791e-05,4.61791e-05
83,9692.88,0.64868,0.36157,0.80203,0.93959,0.83461,0.89996,0.73644,0.7734,0.36321,0.80536,4.60702e-05,4.60702e-05,4.60702e-05
84,9809.55,0.65278,0.36288,0.80104,0.94594,0.83748,0.90322,0.76105,0.68117,0.33957,0.80158,4.59613e-05,4.59613e-05,4.59613e-05
85,9926.22,0.64747,0.36223,0.80047,0.94859,0.83562,0.90427,0.75266,0.72019,0.34884,0.80281,4.58524e-05,4.58524e-05,4.58524e-05
86,10042.7,0.64749,0.36122,0.80143,0.95253,0.83318,0.90385,0.75058,0.72532,0.35037,0.80318,4.57435e-05,4.57435e-05,4.57435e-05
87,10159.3,0.64954,0.36353,0.80098,0.94223,0.83748,0.90284,0.74636,0.75485,0.35776,0.80425,4.56346e-05,4.56346e-05,4.56346e-05
88,10275.8,0.64438,0.36057,0.80076,0.94683,0.83867,0.9037,0.75707,0.70722,0.34506,0.80238,4.55257e-05,4.55257e-05,4.55257e-05
89,10392.4,0.64139,0.35856,0.8005,0.93921,0.84277,0.90446,0.75794,0.70583,0.34455,0.80214,4.54168e-05,4.54168e-05,4.54168e-05
90,10509.1,0.64655,0.36135,0.80112,0.94899,0.83486,0.90495,0.75176,0.72593,0.34814,0.80271,4.53079e-05,4.53079e-05,4.53079e-05
91,10626,0.6401,0.3574,0.8001,0.93884,0.83963,0.90356,0.74969,0.73772,0.35151,0.8031,4.5199e-05,4.5199e-05,4.5199e-05
92,10742.9,0.64066,0.35911,0.80044,0.94273,0.83834,0.9044,0.75152,0.7157,0.34705,0.80201,4.50901e-05,4.50901e-05,4.50901e-05
93,10859.4,0.63274,0.35329,0.79921,0.94338,0.84177,0.90519,0.75149,0.72254,0.34659,0.80237,4.49812e-05,4.49812e-05,4.49812e-05
94,10976.2,0.63535,0.35513,0.79981,0.94522,0.84361,0.90749,0.75128,0.73001,0.3492,0.80213,4.48723e-05,4.48723e-05,4.48723e-05
95,11092.4,0.63132,0.35369,0.79997,0.94574,0.84402,0.90733,0.75579,0.70937,0.34288,0.80114,4.47634e-05,4.47634e-05,4.47634e-05
96,11208.7,0.62841,0.35122,0.80035,0.94787,0.84099,0.90656,0.75483,0.71725,0.34419,0.80136,4.46545e-05,4.46545e-05,4.46545e-05
97,11325.5,0.6315,0.35207,0.79917,0.94483,0.84467,0.90547,0.7528,0.72821,0.34604,0.80214,4.45456e-05,4.45456e-05,4.45456e-05
98,11442,0.62903,0.35069,0.79824,0.95024,0.84069,0.90573,0.74676,0.75992,0.35342,0.80264,4.44367e-05,4.44367e-05,4.44367e-05
99,11558.6,0.63018,0.35023,0.7992,0.95224,0.8414,0.90731,0.75413,0.73223,0.34594,0.80229,4.43278e-05,4.43278e-05,4.43278e-05
100,11675.2,0.62496,0.34858,0.79819,0.94391,0.84364,0.90684,0.75705,0.7051,0.33957,0.80039,4.42189e-05,4.42189e-05,4.42189e-05
101,11791.8,0.62297,0.3489,0.79817,0.94369,0.84026,0.90399,0.74398,0.74435,0.34926,0.80269,4.411e-05,4.411e-05,4.411e-05
102,11908.1,0.6236,0.34732,0.79833,0.95466,0.83817,0.90726,0.75444,0.72199,0.34242,0.80134,4.40011e-05,4.40011e-05,4.40011e-05
103,12024.7,0.62453,0.34743,0.79777,0.95004,0.84407,0.90832,0.75985,0.69782,0.33634,0.80003,4.38922e-05,4.38922e-05,4.38922e-05
104,12141.2,0.61905,0.34571,0.79785,0.95012,0.84004,0.90684,0.75818,0.68742,0.33346,0.79997,4.37833e-05,4.37833e-05,4.37833e-05
105,12257.5,0.61331,0.34262,0.79805,0.94902,0.8469,0.90838,0.76268,0.68217,0.33194,0.79917,4.36744e-05,4.36744e-05,4.36744e-05
106,12373.9,0.61357,0.34504,0.79862,0.95384,0.83866,0.90806,0.76388,0.68105,0.33213,0.79934,4.35655e-05,4.35655e-05,4.35655e-05
107,12490.4,0.61536,0.34423,0.79841,0.9479,0.84201,0.90749,0.75331,0.72613,0.34259,0.80115,4.34566e-05,4.34566e-05,4.34566e-05
108,12607.1,0.61441,0.34163,0.79642,0.95692,0.8406,0.90947,0.75928,0.72212,0.34026,0.80063,4.33477e-05,4.33477e-05,4.33477e-05
109,12723.7,0.61235,0.34282,0.79761,0.94081,0.84923,0.90903,0.75832,0.72216,0.33992,0.80077,4.32388e-05,4.32388e-05,4.32388e-05
110,12840.2,0.61153,0.34183,0.7964,0.95397,0.84151,0.90894,0.75299,0.73207,0.34307,0.80115,4.31299e-05,4.31299e-05,4.31299e-05
111,12956.8,0.61333,0.34247,0.79684,0.95685,0.84389,0.91125,0.76042,0.70415,0.33605,0.79989,4.3021e-05,4.3021e-05,4.3021e-05
112,13073.3,0.60695,0.33926,0.79587,0.95223,0.84308,0.9089,0.75545,0.72442,0.34018,0.80043,4.29121e-05,4.29121e-05,4.29121e-05
113,13190,0.60954,0.33995,0.79621,0.95055,0.84992,0.91233,0.76163,0.70403,0.33493,0.79956,4.28032e-05,4.28032e-05,4.28032e-05
114,13306.6,0.60894,0.33799,0.79687,0.94844,0.84904,0.91122,0.75447,0.72901,0.34028,0.80037,4.26943e-05,4.26943e-05,4.26943e-05
115,13423.3,0.60396,0.33682,0.79666,0.95201,0.8451,0.91,0.76151,0.6952,0.3306,0.79902,4.25854e-05,4.25854e-05,4.25854e-05
116,13539.6,0.60252,0.33649,0.79494,0.95301,0.84313,0.90939,0.75346,0.72803,0.33899,0.80023,4.24765e-05,4.24765e-05,4.24765e-05
117,13656.1,0.60291,0.338,0.79645,0.94581,0.85048,0.91209,0.76495,0.69092,0.33023,0.79834,4.23676e-05,4.23676e-05,4.23676e-05
118,13772.5,0.59891,0.33531,0.7958,0.95617,0.84687,0.91185,0.76021,0.70339,0.33297,0.799,4.22587e-05,4.22587e-05,4.22587e-05
119,13889.2,0.60211,0.33601,0.7954,0.95364,0.8461,0.9102,0.76214,0.6967,0.33033,0.79881,4.21498e-05,4.21498e-05,4.21498e-05
120,14005.5,0.59768,0.33456,0.79595,0.95413,0.84116,0.908,0.75845,0.70616,0.33288,0.79894,4.20409e-05,4.20409e-05,4.20409e-05
121,14122.1,0.60118,0.33572,0.79602,0.95158,0.84782,0.91245,0.75882,0.71878,0.33535,0.79946,4.1932e-05,4.1932e-05,4.1932e-05
122,14238.3,0.59413,0.3324,0.79584,0.9577,0.84119,0.91099,0.76037,0.711,0.33367,0.79903,4.18231e-05,4.18231e-05,4.18231e-05
123,14354.7,0.59301,0.33192,0.79397,0.95495,0.84747,0.91132,0.76304,0.68688,0.32705,0.79811,4.17142e-05,4.17142e-05,4.17142e-05
124,14471,0.59193,0.33108,0.79569,0.96322,0.83952,0.9103,0.76404,0.6948,0.32824,0.79813,4.16053e-05,4.16053e-05,4.16053e-05
125,14587.3,0.58971,0.33052,0.79423,0.95631,0.84285,0.90911,0.75978,0.69778,0.32877,0.79821,4.14964e-05,4.14964e-05,4.14964e-05
126,14703.9,0.59023,0.33036,0.79448,0.95133,0.84755,0.91179,0.75713,0.71663,0.33343,0.7991,4.13875e-05,4.13875e-05,4.13875e-05
127,14820.5,0.59278,0.33177,0.79392,0.95606,0.84784,0.91372,0.76544,0.69123,0.32725,0.79809,4.12786e-05,4.12786e-05,4.12786e-05
128,14937.3,0.59393,0.33212,0.79457,0.95624,0.84527,0.91125,0.75905,0.71705,0.33431,0.79909,4.11697e-05,4.11697e-05,4.11697e-05
129,15053.7,0.59005,0.33015,0.79415,0.95678,0.84781,0.91177,0.762,0.70213,0.33045,0.79845,4.10608e-05,4.10608e-05,4.10608e-05
130,15170.1,0.58883,0.32955,0.79407,0.95729,0.84737,0.91308,0.76537,0.68221,0.32421,0.79732,4.09519e-05,4.09519e-05,4.09519e-05
131,15286.6,0.58608,0.32846,0.79414,0.95686,0.84965,0.91383,0.76744,0.68534,0.3248,0.7978,4.0843e-05,4.0843e-05,4.0843e-05
132,15403.2,0.59124,0.33123,0.79423,0.95306,0.84887,0.91119,0.76581,0.68676,0.32665,0.79748,4.07341e-05,4.07341e-05,4.07341e-05
133,15519.7,0.5891,0.33048,0.7947,0.95459,0.84726,0.91045,0.76131,0.68523,0.32668,0.79771,4.06252e-05,4.06252e-05,4.06252e-05
134,15636.3,0.59105,0.33017,0.79427,0.95528,0.84812,0.91133,0.76357,0.70139,0.32918,0.79819,4.05163e-05,4.05163e-05,4.05163e-05
135,15752.6,0.58254,0.32737,0.79413,0.95314,0.85176,0.91245,0.76504,0.693,0.32677,0.79753,4.04074e-05,4.04074e-05,4.04074e-05
136,15868.9,0.58603,0.32853,0.79429,0.9535,0.84689,0.91127,0.757,0.71767,0.33302,0.79867,4.02985e-05,4.02985e-05,4.02985e-05
137,15985.3,0.58001,0.32434,0.79375,0.95463,0.85029,0.91386,0.76205,0.70376,0.32721,0.79813,4.01896e-05,4.01896e-05,4.01896e-05
138,16101.7,0.5803,0.32544,0.79416,0.95405,0.84827,0.91114,0.76669,0.67445,0.32072,0.79684,4.00807e-05,4.00807e-05,4.00807e-05
139,16218,0.57647,0.32336,0.79389,0.95881,0.84798,0.91383,0.76665,0.69601,0.32563,0.79732,3.99718e-05,3.99718e-05,3.99718e-05
140,16334.4,0.57822,0.32487,0.79375,0.95993,0.849,0.91366,0.76376,0.69812,0.32566,0.79765,3.98629e-05,3.98629e-05,3.98629e-05
141,16451.2,0.58609,0.32769,0.79292,0.95609,0.84895,0.91381,0.7592,0.71833,0.33117,0.79805,3.9754e-05,3.9754e-05,3.9754e-05
142,16567.4,0.57415,0.32266,0.79303,0.95543,0.84946,0.91336,0.76071,0.71234,0.3292,0.79787,3.96451e-05,3.96451e-05,3.96451e-05
143,16683.9,0.57677,0.32335,0.79309,0.95579,0.85175,0.91383,0.76505,0.6972,0.32518,0.79754,3.95362e-05,3.95362e-05,3.95362e-05
144,16800.5,0.57751,0.32384,0.7933,0.96209,0.84929,0.91727,0.76431,0.70592,0.3274,0.79766,3.94273e-05,3.94273e-05,3.94273e-05
145,16916.9,0.57347,0.32236,0.7935,0.95962,0.84923,0.91431,0.76084,0.71982,0.33038,0.79838,3.93184e-05,3.93184e-05,3.93184e-05
146,17033.4,0.57261,0.32099,0.79237,0.95199,0.85259,0.91549,0.77027,0.67765,0.31971,0.79627,3.92095e-05,3.92095e-05,3.92095e-05
147,17150,0.57215,0.321,0.79235,0.95715,0.85388,0.91622,0.77014,0.67704,0.31878,0.79598,3.91006e-05,3.91006e-05,3.91006e-05
148,17266.6,0.57384,0.32163,0.79235,0.96282,0.84791,0.91637,0.76765,0.69695,0.32447,0.79683,3.89917e-05,3.89917e-05,3.89917e-05
149,17383.2,0.5735,0.32198,0.7921,0.95002,0.85376,0.91503,0.76642,0.69317,0.32294,0.79687,3.88828e-05,3.88828e-05,3.88828e-05
150,17499.6,0.56833,0.31852,0.79287,0.95617,0.84956,0.91444,0.75909,0.72058,0.32957,0.79769,3.87739e-05,3.87739e-05,3.87739e-05
151,17616.1,0.56574,0.3175,0.79203,0.95176,0.85475,0.9161,0.77203,0.67204,0.31712,0.79587,3.8665e-05,3.8665e-05,3.8665e-05
152,17732.7,0.56875,0.31971,0.79217,0.9596,0.85006,0.91559,0.76751,0.68587,0.32031,0.79674,3.85561e-05,3.85561e-05,3.85561e-05
153,17849.1,0.56712,0.31772,0.7918,0.95644,0.85302,0.91491,0.76799,0.68694,0.32103,0.79658,3.84472e-05,3.84472e-05,3.84472e-05
154,17965.9,0.56886,0.31854,0.79127,0.9556,0.85439,0.91567,0.76659,0.69222,0.32182,0.7968,3.83383e-05,3.83383e-05,3.83383e-05
155,18082.5,0.56641,0.31663,0.79117,0.95903,0.8535,0.91671,0.76951,0.68205,0.31846,0.79594,3.82294e-05,3.82294e-05,3.82294e-05
156,18199.2,0.56444,0.31625,0.79129,0.9588,0.85199,0.91469,0.77024,0.67738,0.31771,0.79569,3.81205e-05,3.81205e-05,3.81205e-05
157,18315.8,0.56853,0.31939,0.79199,0.95535,0.8517,0.91445,0.76891,0.6895,0.32121,0.79627,3.80116e-05,3.80116e-05,3.80116e-05
158,18432.2,0.56124,0.31528,0.79167,0.95797,0.85233,0.91426,0.76976,0.68632,0.31989,0.79616,3.79027e-05,3.79027e-05,3.79027e-05
159,18548.8,0.55992,0.31418,0.79121,0.95357,0.8536,0.91561,0.77316,0.67578,0.31718,0.79585,3.77938e-05,3.77938e-05,3.77938e-05
160,18665.1,0.55947,0.31568,0.79261,0.95799,0.85356,0.91684,0.77367,0.67259,0.31614,0.79535,3.76849e-05,3.76849e-05,3.76849e-05
161,18781.4,0.55732,0.31428,0.79217,0.96361,0.85141,0.91682,0.77168,0.67623,0.31713,0.79575,3.7576e-05,3.7576e-05,3.7576e-05
162,18897.8,0.55783,0.31265,0.79091,0.95713,0.85382,0.9168,0.769,0.68993,0.3193,0.79626,3.74671e-05,3.74671e-05,3.74671e-05
163,19014.4,0.56048,0.31422,0.79146,0.95871,0.85595,0.91696,0.77338,0.67099,0.31518,0.79517,3.73582e-05,3.73582e-05,3.73582e-05
164,19131,0.55748,0.31359,0.79094,0.95803,0.85363,0.91634,0.77184,0.67621,0.31606,0.79549,3.72493e-05,3.72493e-05,3.72493e-05
165,19249.1,0.55901,0.31428,0.79062,0.96123,0.85066,0.9162,0.76782,0.68813,0.31853,0.79607,3.71404e-05,3.71404e-05,3.71404e-05
166,19365.7,0.55395,0.31155,0.79019,0.96387,0.85276,0.91774,0.77205,0.68015,0.31554,0.79544,3.70315e-05,3.70315e-05,3.70315e-05
167,19483.9,0.55368,0.31121,0.78996,0.96355,0.85046,0.91784,0.76568,0.70821,0.32341,0.7965,3.69226e-05,3.69226e-05,3.69226e-05
168,19600.3,0.55588,0.31206,0.79084,0.95352,0.85753,0.91856,0.7691,0.69595,0.32076,0.79617,3.68137e-05,3.68137e-05,3.68137e-05
169,19716.5,0.54846,0.30896,0.7908,0.96033,0.85553,0.91801,0.77526,0.67194,0.31363,0.79491,3.67048e-05,3.67048e-05,3.67048e-05
170,19833.1,0.54809,0.30922,0.79069,0.95965,0.85535,0.91812,0.77298,0.68317,0.31599,0.79532,3.65959e-05,3.65959e-05,3.65959e-05
171,19949.8,0.54961,0.30892,0.79006,0.95779,0.854,0.9172,0.77436,0.66996,0.31307,0.79462,3.6487e-05,3.6487e-05,3.6487e-05
172,20066.3,0.55025,0.30868,0.79001,0.95502,0.85696,0.91689,0.77327,0.67309,0.31314,0.79484,3.63781e-05,3.63781e-05,3.63781e-05
173,20182.9,0.54937,0.30773,0.78949,0.96411,0.85258,0.91751,0.77142,0.68563,0.31563,0.79519,3.62692e-05,3.62692e-05,3.62692e-05
174,20299.4,0.54677,0.30841,0.79036,0.95797,0.8571,0.91901,0.7773,0.66108,0.3096,0.79426,3.61603e-05,3.61603e-05,3.61603e-05
175,20416.2,0.54766,0.30802,0.7904,0.96757,0.8528,0.91859,0.77371,0.68494,0.31587,0.79527,3.60514e-05,3.60514e-05,3.60514e-05
176,20532.7,0.54718,0.30835,0.79009,0.96369,0.85234,0.91621,0.76983,0.68894,0.31647,0.79541,3.59425e-05,3.59425e-05,3.59425e-05
177,20649.2,0.54952,0.30978,0.79108,0.95951,0.85491,0.91694,0.77209,0.68993,0.31721,0.79549,3.58336e-05,3.58336e-05,3.58336e-05
178,20765.9,0.54962,0.31,0.78899,0.96514,0.85827,0.91998,0.77727,0.67643,0.31392,0.79433,3.57247e-05,3.57247e-05,3.57247e-05
179,20882.7,0.54847,0.30869,0.79002,0.96721,0.8525,0.91799,0.77354,0.6794,0.31401,0.79473,3.56158e-05,3.56158e-05,3.56158e-05
180,20999.2,0.54447,0.30722,0.7888,0.95988,0.85604,0.91758,0.77435,0.67545,0.31292,0.79466,3.55069e-05,3.55069e-05,3.55069e-05
181,21115.7,0.54371,0.30609,0.78932,0.96311,0.85531,0.91801,0.77376,0.68503,0.31518,0.7949,3.5398e-05,3.5398e-05,3.5398e-05
182,21232,0.53933,0.30442,0.78919,0.96561,0.85341,0.91909,0.77711,0.66632,0.30997,0.79382,3.52891e-05,3.52891e-05,3.52891e-05
183,21348.4,0.54235,0.30613,0.79004,0.96415,0.85533,0.91866,0.776,0.6762,0.31249,0.79454,3.51802e-05,3.51802e-05,3.51802e-05
184,21465,0.54581,0.30616,0.78974,0.96342,0.85638,0.91696,0.77402,0.67729,0.31256,0.79445,3.50713e-05,3.50713e-05,3.50713e-05
185,21581.5,0.5386,0.30404,0.79001,0.96889,0.85288,0.91816,0.77816,0.66387,0.30955,0.79383,3.49624e-05,3.49624e-05,3.49624e-05
186,21698.3,0.53977,0.30407,0.78884,0.9663,0.8526,0.91801,0.77379,0.68186,0.31303,0.79454,3.48535e-05,3.48535e-05,3.48535e-05
187,21814.8,0.53897,0.30317,0.78902,0.96662,0.85169,0.91886,0.7755,0.6686,0.30936,0.79418,3.47446e-05,3.47446e-05,3.47446e-05
188,21931.7,0.54396,0.30531,0.78859,0.96506,0.85346,0.91921,0.77542,0.67473,0.31192,0.79432,3.46357e-05,3.46357e-05,3.46357e-05
189,22048.2,0.5377,0.30369,0.78863,0.96465,0.85637,0.91956,0.77655,0.67178,0.31092,0.79439,3.45268e-05,3.45268e-05,3.45268e-05
190,22164.7,0.54109,0.30384,0.78898,0.96122,0.85752,0.91941,0.77666,0.66748,0.3092,0.79398,3.44179e-05,3.44179e-05,3.44179e-05
191,22281.2,0.53892,0.30396,0.78878,0.9659,0.85474,0.91996,0.77937,0.65972,0.30719,0.7935,3.4309e-05,3.4309e-05,3.4309e-05
192,22397.9,0.53531,0.30116,0.78858,0.9637,0.8581,0.92031,0.77937,0.65927,0.30668,0.79347,3.42001e-05,3.42001e-05,3.42001e-05
193,22514.5,0.5336,0.30142,0.78876,0.96043,0.85792,0.91957,0.77861,0.66114,0.30702,0.79352,3.40912e-05,3.40912e-05,3.40912e-05
194,22631.1,0.53397,0.30144,0.78829,0.96023,0.86006,0.9196,0.77585,0.68037,0.31146,0.79428,3.39823e-05,3.39823e-05,3.39823e-05
195,22747.5,0.52976,0.30028,0.78883,0.96547,0.85696,0.91932,0.77948,0.65904,0.30582,0.79346,3.38734e-05,3.38734e-05,3.38734e-05
196,22864,0.53247,0.30137,0.7895,0.96544,0.8577,0.91979,0.77888,0.65853,0.30577,0.79345,3.37645e-05,3.37645e-05,3.37645e-05
197,22980.6,0.53367,0.3009,0.78834,0.96772,0.85687,0.919,0.77998,0.65423,0.3043,0.79289,3.36556e-05,3.36556e-05,3.36556e-05
198,23097.1,0.53039,0.30037,0.78815,0.95604,0.86304,0.91963,0.77996,0.65184,0.30419,0.79284,3.35467e-05,3.35467e-05,3.35467e-05
199,23213.4,0.52666,0.29784,0.78863,0.96434,0.85525,0.91977,0.77956,0.66129,0.30614,0.79303,3.34378e-05,3.34378e-05,3.34378e-05
200,23329.9,0.52908,0.29919,0.78825,0.95926,0.85678,0.91899,0.77548,0.68064,0.31045,0.794,3.33289e-05,3.33289e-05,3.33289e-05
201,23446.5,0.52745,0.2973,0.78734,0.96439,0.85597,0.91765,0.77439,0.6761,0.30943,0.79403,3.322e-05,3.322e-05,3.322e-05
202,23563.2,0.52762,0.29746,0.78702,0.96299,0.85812,0.92101,0.77859,0.66776,0.30724,0.79372,3.31111e-05,3.31111e-05,3.31111e-05
203,23679.6,0.52859,0.29782,0.78831,0.95915,0.85865,0.91941,0.77947,0.66362,0.30652,0.79335,3.30022e-05,3.30022e-05,3.30022e-05
204,23795.9,0.52369,0.29642,0.78789,0.96957,0.85285,0.92009,0.77956,0.66615,0.30684,0.7934,3.28933e-05,3.28933e-05,3.28933e-05
205,23912.4,0.53191,0.29981,0.78816,0.96611,0.85506,0.91883,0.7779,0.67402,0.30846,0.79368,3.27844e-05,3.27844e-05,3.27844e-05
206,24028.8,0.52483,0.29756,0.78802,0.96462,0.85706,0.91903,0.77647,0.67447,0.30936,0.79356,3.26755e-05,3.26755e-05,3.26755e-05
207,24145.1,0.52554,0.29806,0.78849,0.96434,0.85675,0.9192,0.77761,0.67227,0.30843,0.7933,3.25666e-05,3.25666e-05,3.25666e-05
208,24261.6,0.52791,0.29801,0.78843,0.96339,0.85698,0.9195,0.77996,0.66019,0.30542,0.79309,3.24577e-05,3.24577e-05,3.24577e-05
209,24378.2,0.52076,0.2946,0.7871,0.96161,0.85942,0.92004,0.77803,0.66618,0.30614,0.79308,3.23488e-05,3.23488e-05,3.23488e-05
210,24494.7,0.52038,0.29415,0.78781,0.95972,0.85955,0.91914,0.77738,0.67139,0.30716,0.79341,3.22399e-05,3.22399e-05,3.22399e-05
211,24611.4,0.52899,0.29844,0.787,0.96217,0.85933,0.91997,0.77802,0.66753,0.30594,0.79343,3.2131e-05,3.2131e-05,3.2131e-05
212,24727.8,0.52188,0.29502,0.7868,0.96115,0.85982,0.9207,0.78083,0.6594,0.30444,0.79304,3.20221e-05,3.20221e-05,3.20221e-05
213,24844.4,0.51603,0.29271,0.78751,0.96587,0.85695,0.92079,0.7788,0.66492,0.30548,0.79326,3.19132e-05,3.19132e-05,3.19132e-05
214,24961,0.51992,0.2952,0.78765,0.96428,0.85781,0.92058,0.77907,0.66342,0.30482,0.79299,3.18043e-05,3.18043e-05,3.18043e-05
215,25077.4,0.52038,0.29404,0.78687,0.96909,0.85722,0.92062,0.77966,0.66444,0.30489,0.79305,3.16954e-05,3.16954e-05,3.16954e-05
216,25193.9,0.51721,0.29347,0.78678,0.96847,0.85428,0.91975,0.77874,0.65952,0.30385,0.79293,3.15865e-05,3.15865e-05,3.15865e-05
217,25310.4,0.52106,0.29551,0.7873,0.96427,0.85745,0.9201,0.78211,0.65494,0.30213,0.79264,3.14776e-05,3.14776e-05,3.14776e-05
218,25426.9,0.51678,0.29334,0.78785,0.96663,0.85642,0.91995,0.7791,0.66466,0.30513,0.79281,3.13687e-05,3.13687e-05,3.13687e-05
219,25543.5,0.52165,0.29447,0.78673,0.96622,0.85745,0.9197,0.77934,0.66269,0.30446,0.79278,3.12598e-05,3.12598e-05,3.12598e-05
220,25660.1,0.51553,0.29295,0.7866,0.96343,0.8596,0.91996,0.77719,0.67513,0.30731,0.79339,3.11509e-05,3.11509e-05,3.11509e-05
221,25776.5,0.51153,0.29084,0.78633,0.96426,0.85916,0.92059,0.78063,0.65914,0.30253,0.79267,3.1042e-05,3.1042e-05,3.1042e-05
222,25893,0.52171,0.29523,0.78703,0.96172,0.86037,0.92,0.7803,0.65606,0.30213,0.79272,3.09331e-05,3.09331e-05,3.09331e-05
223,26009.6,0.51847,0.29309,0.78651,0.96315,0.8589,0.91931,0.77774,0.67068,0.30599,0.79306,3.08242e-05,3.08242e-05,3.08242e-05
224,26126,0.5164,0.29191,0.78726,0.95922,0.85822,0.91977,0.77656,0.67364,0.30613,0.79323,3.07153e-05,3.07153e-05,3.07153e-05
225,26242.7,0.51714,0.29262,0.78614,0.96497,0.85667,0.919,0.77579,0.67306,0.30586,0.79311,3.06064e-05,3.06064e-05,3.06064e-05
226,26359.3,0.51666,0.2928,0.78651,0.95787,0.86115,0.91956,0.77335,0.69159,0.31048,0.79398,3.04975e-05,3.04975e-05,3.04975e-05
227,26475.9,0.51451,0.29124,0.78619,0.96031,0.8601,0.91984,0.7779,0.67619,0.30641,0.79331,3.03886e-05,3.03886e-05,3.03886e-05
228,26592.3,0.51487,0.29192,0.78649,0.96237,0.85917,0.91927,0.77903,0.66667,0.30407,0.79275,3.02797e-05,3.02797e-05,3.02797e-05
229,26708.8,0.51671,0.29325,0.78677,0.96046,0.85854,0.92017,0.7795,0.66782,0.30456,0.79266,3.01708e-05,3.01708e-05,3.01708e-05
230,26825.3,0.50884,0.28849,0.78664,0.96214,0.8571,0.92083,0.77957,0.67166,0.30504,0.79284,3.00619e-05,3.00619e-05,3.00619e-05
231,26941.9,0.5164,0.29227,0.78659,0.96347,0.85694,0.91974,0.77907,0.66989,0.30456,0.79281,2.9953e-05,2.9953e-05,2.9953e-05
232,27058.3,0.5086,0.28879,0.78613,0.96323,0.85935,0.92026,0.78096,0.66191,0.30224,0.79243,2.98441e-05,2.98441e-05,2.98441e-05
233,27174.6,0.50484,0.28718,0.78698,0.96214,0.85935,0.91955,0.7808,0.65865,0.30129,0.79238,2.97352e-05,2.97352e-05,2.97352e-05
234,27291,0.51099,0.28996,0.7861,0.96017,0.8602,0.92011,0.77972,0.65993,0.30154,0.79239,2.96263e-05,2.96263e-05,2.96263e-05
235,27407.5,0.5031,0.28639,0.78599,0.96277,0.85891,0.92063,0.78288,0.65264,0.29974,0.79208,2.95174e-05,2.95174e-05,2.95174e-05
236,27523.8,0.50078,0.28511,0.78606,0.96323,0.85868,0.92021,0.78136,0.65578,0.30045,0.7921,2.94085e-05,2.94085e-05,2.94085e-05
237,27640.1,0.50411,0.28596,0.78691,0.96166,0.86032,0.92024,0.77962,0.65817,0.30058,0.7922,2.92996e-05,2.92996e-05,2.92996e-05
238,27756.7,0.50744,0.28816,0.78495,0.96146,0.86015,0.92077,0.78425,0.64487,0.29712,0.79172,2.91907e-05,2.91907e-05,2.91907e-05
239,27873.3,0.50682,0.28706,0.78662,0.96451,0.85728,0.92057,0.78034,0.65974,0.30092,0.79213,2.90818e-05,2.90818e-05,2.90818e-05
240,27989.8,0.50814,0.28816,0.78603,0.96348,0.85859,0.91967,0.77876,0.66674,0.30267,0.79237,2.89729e-05,2.89729e-05,2.89729e-05
241,28106.2,0.50405,0.28622,0.78628,0.96289,0.86026,0.92036,0.78103,0.66286,0.30175,0.7922,2.8864e-05,2.8864e-05,2.8864e-05
242,28222.6,0.50367,0.28696,0.78572,0.96769,0.85915,0.92175,0.78417,0.65757,0.30002,0.79202,2.87551e-05,2.87551e-05,2.87551e-05
243,28339.1,0.50761,0.28878,0.78568,0.96672,0.85914,0.92242,0.78324,0.65544,0.29957,0.79195,2.86462e-05,2.86462e-05,2.86462e-05
244,28455.5,0.50174,0.28519,0.78535,0.96564,0.85881,0.92259,0.78262,0.65978,0.30045,0.79199,2.85373e-05,2.85373e-05,2.85373e-05
245,28572,0.50295,0.28578,0.78508,0.96039,0.86243,0.92153,0.78337,0.65149,0.29823,0.7915,2.84284e-05,2.84284e-05,2.84284e-05
246,28688.5,0.50473,0.28649,0.78508,0.96241,0.86038,0.92144,0.7821,0.6579,0.29953,0.79177,2.83195e-05,2.83195e-05,2.83195e-05
247,28805,0.50369,0.28532,0.78591,0.96314,0.85821,0.92165,0.78351,0.65263,0.29802,0.79165,2.82106e-05,2.82106e-05,2.82106e-05
248,28921.4,0.5007,0.28431,0.78581,0.96464,0.858,0.92123,0.78349,0.65292,0.29819,0.79172,2.81017e-05,2.81017e-05,2.81017e-05
249,29037.9,0.49999,0.28432,0.78494,0.96425,0.8593,0.92135,0.78613,0.64575,0.2962,0.79134,2.79928e-05,2.79928e-05,2.79928e-05
250,29154.5,0.50014,0.28475,0.78537,0.96683,0.85738,0.92195,0.78665,0.64364,0.29554,0.79122,2.78839e-05,2.78839e-05,2.78839e-05
251,29270.8,0.49712,0.28352,0.78576,0.9621,0.86195,0.92207,0.78426,0.64993,0.29694,0.79146,2.7775e-05,2.7775e-05,2.7775e-05
252,29387.3,0.50195,0.28527,0.78493,0.96416,0.86174,0.92209,0.78384,0.65406,0.29792,0.79162,2.76661e-05,2.76661e-05,2.76661e-05
253,29503.7,0.49761,0.28376,0.78561,0.96902,0.8578,0.92264,0.78525,0.65397,0.29772,0.79162,2.75572e-05,2.75572e-05,2.75572e-05
254,29620,0.49784,0.28351,0.785,0.96586,0.86033,0.92263,0.78412,0.65822,0.29882,0.79183,2.74483e-05,2.74483e-05,2.74483e-05
255,29736.2,0.49687,0.28231,0.78554,0.96463,0.85954,0.92258,0.78435,0.65697,0.29832,0.79179,2.73394e-05,2.73394e-05,2.73394e-05
256,29852.6,0.49797,0.28265,0.78509,0.96219,0.86053,0.92231,0.78387,0.6516,0.29706,0.7914,2.72305e-05,2.72305e-05,2.72305e-05
257,29969,0.49693,0.2824,0.78588,0.96455,0.85917,0.92196,0.78422,0.65047,0.2964,0.7913,2.71216e-05,2.71216e-05,2.71216e-05
258,30085.3,0.49566,0.28292,0.78582,0.96768,0.85704,0.92203,0.78133,0.66264,0.29967,0.7919,2.70127e-05,2.70127e-05,2.70127e-05
259,30201.5,0.49395,0.28171,0.78463,0.96746,0.85749,0.92213,0.78274,0.66028,0.29872,0.79161,2.69038e-05,2.69038e-05,2.69038e-05
260,30318,0.49727,0.28307,0.78513,0.96776,0.85814,0.92195,0.78295,0.66223,0.29872,0.7917,2.67949e-05,2.67949e-05,2.67949e-05
261,30434.4,0.4949,0.28184,0.78535,0.96314,0.86145,0.92247,0.78252,0.66036,0.29846,0.79163,2.6686e-05,2.6686e-05,2.6686e-05
262,30550.8,0.49382,0.28187,0.78469,0.96346,0.86304,0.92354,0.78554,0.65245,0.29659,0.79127,2.65771e-05,2.65771e-05,2.65771e-05
263,30667.2,0.49376,0.27996,0.78408,0.9682,0.85995,0.92352,0.78325,0.6564,0.2976,0.79148,2.64682e-05,2.64682e-05,2.64682e-05
264,30783.6,0.49091,0.27937,0.78542,0.96581,0.86049,0.92277,0.78219,0.66117,0.29857,0.79171,2.63593e-05,2.63593e-05,2.63593e-05
265,30900.1,0.4897,0.27867,0.78455,0.96682,0.85822,0.92273,0.78103,0.66576,0.29971,0.79187,2.62504e-05,2.62504e-05,2.62504e-05
266,31016.5,0.49224,0.28015,0.78448,0.96004,0.8634,0.92342,0.78228,0.66488,0.29944,0.79177,2.61415e-05,2.61415e-05,2.61415e-05
267,31132.8,0.49092,0.28024,0.78411,0.9626,0.86194,0.92293,0.78264,0.66267,0.29882,0.79154,2.60326e-05,2.60326e-05,2.60326e-05
268,31249.3,0.49367,0.28037,0.78438,0.96429,0.86119,0.923,0.78293,0.66214,0.2986,0.79148,2.59237e-05,2.59237e-05,2.59237e-05
269,31365.6,0.48837,0.27773,0.78476,0.96255,0.8634,0.9225,0.78438,0.65268,0.2961,0.79117,2.58148e-05,2.58148e-05,2.58148e-05
270,31482,0.48818,0.27815,0.78391,0.96269,0.86102,0.92237,0.78415,0.65419,0.29642,0.7913,2.57059e-05,2.57059e-05,2.57059e-05
271,31598.5,0.48869,0.27912,0.78524,0.96343,0.86003,0.922,0.78236,0.65981,0.29754,0.79151,2.5597e-05,2.5597e-05,2.5597e-05
272,31714.7,0.48618,0.27779,0.78506,0.96319,0.86181,0.92223,0.7838,0.65352,0.29593,0.79128,2.54881e-05,2.54881e-05,2.54881e-05
273,31831.1,0.49282,0.28016,0.78325,0.96533,0.858,0.92198,0.78478,0.65174,0.29569,0.7911,2.53792e-05,2.53792e-05,2.53792e-05
274,31947.5,0.4855,0.27697,0.78405,0.96195,0.86224,0.92304,0.78632,0.65251,0.2957,0.79104,2.52703e-05,2.52703e-05,2.52703e-05
275,32063.9,0.48761,0.27843,0.78411,0.96333,0.86078,0.92302,0.78506,0.65684,0.29661,0.79123,2.51614e-05,2.51614e-05,2.51614e-05
276,32180.4,0.48676,0.27741,0.78371,0.96323,0.86086,0.92254,0.78305,0.66445,0.29846,0.79153,2.50525e-05,2.50525e-05,2.50525e-05
277,32296.9,0.48758,0.27783,0.78456,0.96176,0.86127,0.92221,0.78292,0.66419,0.29819,0.79145,2.49436e-05,2.49436e-05,2.49436e-05
278,32413.5,0.48714,0.27769,0.78408,0.96272,0.86104,0.92234,0.78273,0.66134,0.2975,0.79138,2.48347e-05,2.48347e-05,2.48347e-05
279,32530,0.48517,0.27692,0.78439,0.96435,0.86073,0.9224,0.78287,0.66449,0.29832,0.79139,2.47258e-05,2.47258e-05,2.47258e-05
280,32646.6,0.4914,0.28013,0.78431,0.96446,0.85999,0.92229,0.78343,0.65958,0.29686,0.79122,2.46169e-05,2.46169e-05,2.46169e-05
281,32763,0.48615,0.27857,0.78472,0.96362,0.86115,0.92177,0.78412,0.6571,0.29647,0.7912,2.4508e-05,2.4508e-05,2.4508e-05
282,32879.7,0.48784,0.27791,0.78282,0.96658,0.85922,0.92247,0.78346,0.6632,0.29766,0.79143,2.43991e-05,2.43991e-05,2.43991e-05
283,32996,0.47983,0.2753,0.7844,0.96868,0.85828,0.92195,0.78422,0.65776,0.29608,0.79116,2.42902e-05,2.42902e-05,2.42902e-05
284,33112.4,0.4861,0.27703,0.78416,0.9663,0.86141,0.92362,0.78399,0.6586,0.29619,0.79121,2.41813e-05,2.41813e-05,2.41813e-05
285,33228.8,0.48201,0.27505,0.7841,0.96669,0.86069,0.92383,0.78403,0.65883,0.29627,0.79113,2.40724e-05,2.40724e-05,2.40724e-05
286,33345.2,0.47917,0.27323,0.78329,0.96463,0.8624,0.92269,0.78254,0.66284,0.29707,0.79131,2.39635e-05,2.39635e-05,2.39635e-05
287,33461.7,0.48116,0.27528,0.78369,0.96562,0.86162,0.92225,0.78233,0.66372,0.29721,0.7913,2.38546e-05,2.38546e-05,2.38546e-05
288,33578,0.48033,0.27467,0.78412,0.96663,0.86108,0.92268,0.78334,0.66167,0.2967,0.79123,2.37457e-05,2.37457e-05,2.37457e-05
289,33694.1,0.47695,0.27326,0.78403,0.96477,0.86225,0.92339,0.78337,0.66391,0.29705,0.79129,2.36368e-05,2.36368e-05,2.36368e-05
290,33810.6,0.48351,0.27544,0.78356,0.96156,0.86311,0.92321,0.78313,0.66317,0.2966,0.79125,2.35279e-05,2.35279e-05,2.35279e-05
291,33927,0.4771,0.27285,0.7834,0.96133,0.86363,0.92388,0.78445,0.65838,0.29521,0.79098,2.3419e-05,2.3419e-05,2.3419e-05
292,34043.3,0.47774,0.27345,0.78362,0.96029,0.86426,0.92327,0.7841,0.65796,0.29514,0.79087,2.33101e-05,2.33101e-05,2.33101e-05
293,34159.7,0.48022,0.27437,0.78388,0.96598,0.86178,0.92292,0.78433,0.65806,0.29535,0.79091,2.32012e-05,2.32012e-05,2.32012e-05
294,34276,0.4786,0.27379,0.78435,0.96753,0.86145,0.92351,0.78505,0.66087,0.29608,0.79097,2.30923e-05,2.30923e-05,2.30923e-05
295,34392.7,0.4829,0.2741,0.78318,0.96622,0.86332,0.92389,0.78517,0.66021,0.29575,0.79087,2.29834e-05,2.29834e-05,2.29834e-05
296,34509.3,0.48243,0.27466,0.78334,0.96929,0.86211,0.92442,0.78721,0.65298,0.29372,0.79053,2.28745e-05,2.28745e-05,2.28745e-05
297,34625.9,0.47872,0.27345,0.78365,0.96708,0.86373,0.9245,0.7864,0.65753,0.29478,0.79068,2.27656e-05,2.27656e-05,2.27656e-05
298,34742.3,0.47854,0.27351,0.78413,0.96815,0.86261,0.92474,0.78595,0.65831,0.29502,0.79077,2.26567e-05,2.26567e-05,2.26567e-05
299,34858.7,0.47541,0.27152,0.78327,0.96493,0.86392,0.92389,0.78667,0.65374,0.29393,0.79064,2.25478e-05,2.25478e-05,2.25478e-05
300,34975,0.47484,0.27163,0.78273,0.96593,0.86287,0.92366,0.78617,0.65214,0.29357,0.79055,2.24389e-05,2.24389e-05,2.24389e-05
301,35091.5,0.4737,0.27059,0.78288,0.96444,0.86269,0.92412,0.78616,0.65539,0.29416,0.79071,2.233e-05,2.233e-05,2.233e-05
302,35208.2,0.47476,0.27139,0.78283,0.96665,0.86079,0.92468,0.78659,0.65693,0.29449,0.79077,2.22211e-05,2.22211e-05,2.22211e-05
303,35324.7,0.47636,0.27183,0.78232,0.96192,0.8646,0.92393,0.78595,0.65962,0.29516,0.79081,2.21122e-05,2.21122e-05,2.21122e-05
304,35441,0.47656,0.27247,0.78372,0.963,0.86479,0.92406,0.78632,0.65803,0.29476,0.79071,2.20033e-05,2.20033e-05,2.20033e-05
305,35557.4,0.47347,0.27034,0.78252,0.96266,0.86562,0.92454,0.78628,0.6617,0.29557,0.79082,2.18944e-05,2.18944e-05,2.18944e-05
306,35673.9,0.47275,0.27107,0.78334,0.96086,0.86584,0.92414,0.78617,0.65957,0.29497,0.7908,2.17855e-05,2.17855e-05,2.17855e-05
307,35790.2,0.47144,0.26985,0.78313,0.96131,0.86652,0.92414,0.78753,0.65472,0.29348,0.79058,2.16766e-05,2.16766e-05,2.16766e-05
308,35906.9,0.47447,0.27085,0.78242,0.96344,0.86449,0.92372,0.78737,0.65518,0.29363,0.79058,2.15677e-05,2.15677e-05,2.15677e-05
309,36023.5,0.47256,0.27034,0.78262,0.96732,0.86212,0.9236,0.78729,0.65229,0.29284,0.79047,2.14588e-05,2.14588e-05,2.14588e-05
310,36139.9,0.47395,0.2708,0.78251,0.96705,0.86292,0.92377,0.78744,0.65298,0.2931,0.79042,2.13499e-05,2.13499e-05,2.13499e-05
311,36256.4,0.47288,0.27029,0.78337,0.96701,0.86307,0.92354,0.78796,0.65152,0.29272,0.79039,2.1241e-05,2.1241e-05,2.1241e-05
312,36373.1,0.47219,0.27023,0.7824,0.96962,0.86064,0.92396,0.7886,0.65037,0.29228,0.79042,2.11321e-05,2.11321e-05,2.11321e-05
313,36489.5,0.47185,0.2698,0.78211,0.96707,0.86235,0.92372,0.78908,0.64538,0.29083,0.79022,2.10232e-05,2.10232e-05,2.10232e-05
314,36605.8,0.46841,0.26813,0.78285,0.96374,0.8639,0.92374,0.78859,0.64702,0.29109,0.79025,2.09143e-05,2.09143e-05,2.09143e-05
315,36722.3,0.46877,0.26912,0.78336,0.96486,0.86304,0.9241,0.78922,0.64527,0.29064,0.7902,2.08054e-05,2.08054e-05,2.08054e-05
316,36838.5,0.46806,0.26803,0.78364,0.96916,0.86033,0.92415,0.78874,0.64895,0.29144,0.79025,2.06965e-05,2.06965e-05,2.06965e-05
317,36955,0.46966,0.26901,0.78268,0.96491,0.8633,0.9245,0.78879,0.65102,0.29166,0.79035,2.05876e-05,2.05876e-05,2.05876e-05
318,37071.2,0.46935,0.26842,0.78359,0.9657,0.86302,0.92498,0.7891,0.65057,0.29149,0.79029,2.04787e-05,2.04787e-05,2.04787e-05
319,37187.5,0.46854,0.26791,0.7833,0.96696,0.86225,0.92472,0.7889,0.65128,0.29175,0.79034,2.03698e-05,2.03698e-05,2.03698e-05
320,37303.9,0.46395,0.26608,0.78234,0.96762,0.86191,0.92471,0.78932,0.64921,0.29121,0.79027,2.02609e-05,2.02609e-05,2.02609e-05
321,37420.5,0.46559,0.26736,0.78262,0.96771,0.86291,0.92518,0.78859,0.65303,0.29212,0.7904,2.0152e-05,2.0152e-05,2.0152e-05
322,37536.9,0.46682,0.26786,0.78298,0.9666,0.86363,0.9253,0.78897,0.65141,0.29178,0.79034,2.00431e-05,2.00431e-05,2.00431e-05
323,37653.4,0.471,0.26932,0.78249,0.96745,0.86266,0.92584,0.78907,0.65152,0.29171,0.79034,1.99342e-05,1.99342e-05,1.99342e-05
324,37769.7,0.4667,0.26695,0.78265,0.9652,0.8645,0.92561,0.78869,0.65244,0.2918,0.79043,1.98253e-05,1.98253e-05,1.98253e-05
325,37886.2,0.46603,0.2668,0.78227,0.96771,0.86355,0.92563,0.78852,0.65312,0.2917,0.79037,1.97164e-05,1.97164e-05,1.97164e-05
326,38002.7,0.46763,0.26748,0.78264,0.96534,0.86492,0.92543,0.78717,0.65827,0.29273,0.79055,1.96075e-05,1.96075e-05,1.96075e-05
327,38119.1,0.46614,0.26689,0.78199,0.96548,0.86385,0.92517,0.78642,0.65993,0.29315,0.79061,1.94986e-05,1.94986e-05,1.94986e-05
328,38235.7,0.46673,0.26732,0.78297,0.96487,0.86326,0.92476,0.78724,0.65676,0.29229,0.79046,1.93897e-05,1.93897e-05,1.93897e-05
329,38352.1,0.46441,0.26639,0.7823,0.9625,0.86525,0.92456,0.7873,0.65437,0.29164,0.79038,1.92808e-05,1.92808e-05,1.92808e-05
330,38468.5,0.4656,0.26733,0.78256,0.96507,0.86456,0.92447,0.78677,0.65638,0.29202,0.79044,1.91719e-05,1.91719e-05,1.91719e-05
331,38584.9,0.46146,0.26574,0.78325,0.96404,0.86389,0.92455,0.78734,0.65557,0.29183,0.79037,1.9063e-05,1.9063e-05,1.9063e-05
332,38701.2,0.46531,0.26618,0.78215,0.96409,0.86389,0.92431,0.78738,0.65675,0.29208,0.79037,1.89541e-05,1.89541e-05,1.89541e-05
333,38817.6,0.4604,0.26395,0.78194,0.9646,0.86494,0.92504,0.78759,0.65497,0.29153,0.79026,1.88452e-05,1.88452e-05,1.88452e-05
334,38934.3,0.46628,0.26702,0.78136,0.96324,0.86574,0.92526,0.78756,0.6566,0.29186,0.79027,1.87363e-05,1.87363e-05,1.87363e-05
335,39050.7,0.46086,0.26448,0.78231,0.96371,0.86478,0.92538,0.7876,0.6574,0.29209,0.79036,1.86274e-05,1.86274e-05,1.86274e-05
336,39167.2,0.45948,0.26396,0.78189,0.96685,0.86298,0.92536,0.78854,0.65305,0.29089,0.79011,1.85185e-05,1.85185e-05,1.85185e-05
337,39291.4,0.4615,0.26438,0.78239,0.96577,0.86405,0.9254,0.78829,0.65387,0.29115,0.79013,1.84096e-05,1.84096e-05,1.84096e-05
338,39416.9,0.45823,0.26357,0.78155,0.96327,0.86558,0.92536,0.7887,0.65394,0.29113,0.79014,1.83007e-05,1.83007e-05,1.83007e-05
339,39533.6,0.46192,0.2651,0.78241,0.96662,0.86247,0.92512,0.78918,0.6512,0.29025,0.79003,1.81918e-05,1.81918e-05,1.81918e-05
340,39650.2,0.45997,0.26376,0.78196,0.96622,0.86209,0.92514,0.78943,0.64963,0.28981,0.79003,1.80829e-05,1.80829e-05,1.80829e-05
341,39766.8,0.46091,0.26376,0.78137,0.96176,0.8664,0.926,0.79043,0.64796,0.28939,0.78997,1.7974e-05,1.7974e-05,1.7974e-05
342,39883.5,0.4608,0.2646,0.78203,0.97277,0.85925,0.92562,0.79064,0.64618,0.28883,0.78995,1.78651e-05,1.78651e-05,1.78651e-05
343,40000.2,0.46475,0.26758,0.78174,0.97068,0.86006,0.9253,0.79033,0.64623,0.28875,0.78993,1.77562e-05,1.77562e-05,1.77562e-05
344,40116.5,0.45955,0.26378,0.78181,0.97058,0.86008,0.92554,0.79011,0.64948,0.28967,0.79002,1.76473e-05,1.76473e-05,1.76473e-05
345,40233.2,0.46357,0.2643,0.78098,0.96921,0.8612,0.92542,0.78966,0.65109,0.28998,0.78998,1.75384e-05,1.75384e-05,1.75384e-05
346,40349.6,0.45835,0.26257,0.78154,0.96722,0.86361,0.92602,0.79038,0.64976,0.28956,0.78995,1.74295e-05,1.74295e-05,1.74295e-05
347,40466,0.45982,0.26489,0.78183,0.96631,0.86387,0.92596,0.79067,0.64874,0.28919,0.78985,1.73206e-05,1.73206e-05,1.73206e-05
348,40582.3,0.45573,0.26235,0.78219,0.96488,0.86475,0.92584,0.79063,0.64903,0.28913,0.78989,1.72117e-05,1.72117e-05,1.72117e-05
349,40698.6,0.4562,0.26295,0.78249,0.97044,0.86161,0.92571,0.79024,0.65147,0.28968,0.78998,1.71028e-05,1.71028e-05,1.71028e-05
350,40815.1,0.4572,0.263,0.78162,0.96551,0.86397,0.92606,0.79007,0.65254,0.28998,0.79005,1.69939e-05,1.69939e-05,1.69939e-05
351,40931.6,0.45657,0.26181,0.78116,0.96478,0.8645,0.92597,0.79028,0.65142,0.28966,0.79,1.6885e-05,1.6885e-05,1.6885e-05
352,41057.4,0.46032,0.26374,0.78132,0.96247,0.86786,0.92584,0.79058,0.65104,0.28956,0.78995,1.67761e-05,1.67761e-05,1.67761e-05
353,41173.7,0.45395,0.26131,0.78091,0.96104,0.86825,0.92587,0.79037,0.65263,0.28988,0.78998,1.66672e-05,1.66672e-05,1.66672e-05
354,41299.5,0.4576,0.26253,0.78193,0.96341,0.86647,0.92607,0.79123,0.65041,0.28915,0.78985,1.65583e-05,1.65583e-05,1.65583e-05
355,41420.4,0.45583,0.2617,0.78066,0.96262,0.866,0.92563,0.79061,0.65114,0.28946,0.7899,1.64494e-05,1.64494e-05,1.64494e-05
356,41536.8,0.4509,0.2592,0.7817,0.96375,0.86548,0.92543,0.79046,0.65032,0.2892,0.78987,1.63405e-05,1.63405e-05,1.63405e-05
357,41660.3,0.45308,0.26016,0.78104,0.96704,0.8649,0.9253,0.79052,0.64814,0.28861,0.78975,1.62316e-05,1.62316e-05,1.62316e-05
358,41784.4,0.4534,0.26098,0.78051,0.96741,0.86504,0.92539,0.79055,0.6475,0.28844,0.78965,1.61227e-05,1.61227e-05,1.61227e-05
359,41901,0.45672,0.26162,0.78153,0.96633,0.86524,0.9253,0.7898,0.64973,0.28891,0.78972,1.60138e-05,1.60138e-05,1.60138e-05
360,42017.2,0.45121,0.25958,0.78181,0.96557,0.86494,0.92539,0.79011,0.65022,0.28901,0.78971,1.59049e-05,1.59049e-05,1.59049e-05
361,42133.3,0.44902,0.25966,0.78161,0.96509,0.86482,0.92538,0.78996,0.65024,0.28894,0.7897,1.5796e-05,1.5796e-05,1.5796e-05
362,42256.5,0.45299,0.26039,0.78135,0.96593,0.86462,0.92561,0.79026,0.64914,0.28861,0.7897,1.56871e-05,1.56871e-05,1.56871e-05
363,42380.5,0.45262,0.2596,0.78156,0.96339,0.8655,0.9252,0.79081,0.64644,0.28792,0.7896,1.55782e-05,1.55782e-05,1.55782e-05
364,42496.9,0.45433,0.26081,0.78118,0.96492,0.86544,0.92516,0.79063,0.64736,0.2881,0.78963,1.54693e-05,1.54693e-05,1.54693e-05
365,42617.3,0.45237,0.25977,0.78102,0.96381,0.86563,0.9256,0.79053,0.64693,0.28786,0.78958,1.53604e-05,1.53604e-05,1.53604e-05
366,42733.5,0.44857,0.25832,0.78169,0.96179,0.86708,0.92539,0.79063,0.64537,0.28739,0.78947,1.52515e-05,1.52515e-05,1.52515e-05
367,42856.3,0.45406,0.26025,0.78128,0.96367,0.86604,0.92517,0.79028,0.64554,0.28736,0.78947,1.51426e-05,1.51426e-05,1.51426e-05
368,42975.1,0.45217,0.26001,0.78073,0.96369,0.86679,0.92484,0.78967,0.64703,0.28774,0.78956,1.50337e-05,1.50337e-05,1.50337e-05
369,43096.9,0.44687,0.25787,0.78116,0.96331,0.86694,0.92509,0.79037,0.64596,0.28737,0.78947,1.49248e-05,1.49248e-05,1.49248e-05
370,43213.3,0.44797,0.25867,0.78058,0.96516,0.86528,0.92509,0.79041,0.64732,0.28771,0.78951,1.48159e-05,1.48159e-05,1.48159e-05
371,43329.7,0.44788,0.2582,0.78071,0.96521,0.86473,0.92552,0.79112,0.64772,0.28774,0.78952,1.4707e-05,1.4707e-05,1.4707e-05
372,43446,0.44869,0.25831,0.78073,0.96691,0.86409,0.92562,0.7909,0.64783,0.28763,0.78952,1.45981e-05,1.45981e-05,1.45981e-05
373,43562.5,0.45065,0.25858,0.78055,0.96545,0.8654,0.92566,0.79062,0.64883,0.28785,0.78956,1.44892e-05,1.44892e-05,1.44892e-05
374,43679,0.4478,0.25716,0.7802,0.96561,0.86501,0.92579,0.79138,0.64695,0.28743,0.78949,1.43803e-05,1.43803e-05,1.43803e-05
375,43795.6,0.44946,0.25843,0.78065,0.96441,0.8657,0.92557,0.79133,0.64435,0.28668,0.78939,1.42714e-05,1.42714e-05,1.42714e-05
376,43912.1,0.44914,0.25792,0.78124,0.96853,0.86409,0.92581,0.79128,0.64436,0.28668,0.7894,1.41625e-05,1.41625e-05,1.41625e-05
377,44028.5,0.44618,0.25728,0.78114,0.96631,0.86566,0.92606,0.79195,0.64306,0.28639,0.78932,1.40536e-05,1.40536e-05,1.40536e-05
378,44144.9,0.44788,0.25762,0.78145,0.96702,0.86536,0.92605,0.79264,0.64116,0.28592,0.78926,1.39447e-05,1.39447e-05,1.39447e-05
379,44261.1,0.446,0.25726,0.7811,0.97043,0.86292,0.92616,0.79292,0.64068,0.28571,0.78923,1.38358e-05,1.38358e-05,1.38358e-05
380,44377.6,0.44653,0.25711,0.78087,0.96978,0.86345,0.9263,0.79284,0.64093,0.28567,0.78924,1.37269e-05,1.37269e-05,1.37269e-05
381,44494.2,0.44711,0.25692,0.78026,0.97229,0.8622,0.92654,0.79292,0.64033,0.28555,0.7892,1.3618e-05,1.3618e-05,1.3618e-05
382,44610.5,0.44262,0.25537,0.78116,0.97222,0.86206,0.92633,0.79314,0.63861,0.28495,0.7891,1.35091e-05,1.35091e-05,1.35091e-05
383,44727.1,0.44269,0.25548,0.78074,0.97366,0.86061,0.92656,0.79282,0.64008,0.2852,0.78917,1.34002e-05,1.34002e-05,1.34002e-05
384,44843.5,0.44742,0.25795,0.78047,0.9724,0.86094,0.92671,0.79279,0.64086,0.28536,0.78917,1.32913e-05,1.32913e-05,1.32913e-05
385,44960,0.44676,0.25747,0.78144,0.96459,0.86636,0.92664,0.79292,0.64128,0.2854,0.78918,1.31824e-05,1.31824e-05,1.31824e-05
386,45076.4,0.44352,0.25576,0.78085,0.96989,0.86294,0.92663,0.79244,0.64284,0.28579,0.78926,1.30735e-05,1.30735e-05,1.30735e-05
387,45192.8,0.44298,0.25544,0.78119,0.96862,0.86352,0.92669,0.79227,0.64445,0.28623,0.78932,1.29646e-05,1.29646e-05,1.29646e-05
388,45309.3,0.44437,0.25634,0.78113,0.96704,0.86464,0.92694,0.79321,0.64152,0.28547,0.78921,1.28557e-05,1.28557e-05,1.28557e-05
389,45425.8,0.44357,0.25511,0.77967,0.9671,0.86438,0.9265,0.79304,0.64164,0.28545,0.7892,1.27468e-05,1.27468e-05,1.27468e-05
390,45542.4,0.44049,0.25452,0.78016,0.9671,0.86436,0.92665,0.793,0.64169,0.28539,0.78917,1.26379e-05,1.26379e-05,1.26379e-05
391,45658.5,0.44185,0.2555,0.78067,0.96798,0.86402,0.92666,0.79299,0.64172,0.28542,0.78917,1.2529e-05,1.2529e-05,1.2529e-05
392,45775,0.44357,0.25544,0.781,0.96735,0.86392,0.92675,0.79279,0.64335,0.28582,0.78921,1.24201e-05,1.24201e-05,1.24201e-05
393,45894.4,0.44059,0.25424,0.78069,0.96791,0.86355,0.92687,0.79289,0.6432,0.28574,0.78917,1.23112e-05,1.23112e-05,1.23112e-05
394,46011.1,0.44238,0.2552,0.77989,0.96758,0.86411,0.92687,0.79272,0.64359,0.28584,0.78915,1.22023e-05,1.22023e-05,1.22023e-05
395,46127.5,0.44066,0.25472,0.77994,0.9682,0.86398,0.92687,0.79242,0.64477,0.28609,0.78918,1.20934e-05,1.20934e-05,1.20934e-05
396,46245.3,0.4395,0.25402,0.78028,0.96846,0.8635,0.92697,0.79201,0.64588,0.28633,0.78919,1.19845e-05,1.19845e-05,1.19845e-05
397,46363.9,0.44205,0.25593,0.78035,0.97059,0.86223,0.92718,0.79208,0.64699,0.2866,0.78923,1.18756e-05,1.18756e-05,1.18756e-05
398,46480.6,0.43919,0.25372,0.77957,0.97098,0.8623,0.92734,0.79225,0.64588,0.28628,0.78916,1.17667e-05,1.17667e-05,1.17667e-05
399,46597,0.43672,0.25191,0.78041,0.96903,0.86339,0.92721,0.79229,0.64554,0.28622,0.78915,1.16578e-05,1.16578e-05,1.16578e-05
400,46713.4,0.4371,0.25333,0.78062,0.96829,0.86392,0.92717,0.79247,0.64448,0.28584,0.78907,1.15489e-05,1.15489e-05,1.15489e-05
401,46829.8,0.4418,0.25541,0.7808,0.96689,0.86586,0.92661,0.79193,0.64476,0.28582,0.78907,1.144e-05,1.144e-05,1.144e-05
402,46946.3,0.43844,0.25409,0.78024,0.96613,0.86631,0.92656,0.79211,0.64394,0.28559,0.78906,1.13311e-05,1.13311e-05,1.13311e-05
403,47062.8,0.44031,0.25428,0.78077,0.96781,0.86567,0.92671,0.79259,0.64327,0.28536,0.78905,1.12222e-05,1.12222e-05,1.12222e-05
404,47179.3,0.44019,0.25438,0.78044,0.96757,0.86555,0.92681,0.7924,0.64407,0.28555,0.78908,1.11133e-05,1.11133e-05,1.11133e-05
405,47295.8,0.43642,0.25263,0.78018,0.9675,0.86643,0.92695,0.79279,0.64308,0.28526,0.78903,1.10044e-05,1.10044e-05,1.10044e-05
406,47413.9,0.43967,0.25426,0.77982,0.96691,0.86729,0.92714,0.79284,0.64402,0.28545,0.78906,1.08955e-05,1.08955e-05,1.08955e-05
407,47530.4,0.43988,0.25387,0.77981,0.96586,0.86812,0.92687,0.79274,0.64307,0.28517,0.78903,1.07866e-05,1.07866e-05,1.07866e-05
408,47647,0.44141,0.2545,0.7802,0.96578,0.86771,0.92689,0.79291,0.64393,0.2853,0.78905,1.06777e-05,1.06777e-05,1.06777e-05
409,47765.1,0.43763,0.25269,0.77994,0.96618,0.86744,0.92711,0.79275,0.64476,0.28548,0.78906,1.05688e-05,1.05688e-05,1.05688e-05
410,47882.5,0.43807,0.25265,0.78013,0.96515,0.86853,0.92737,0.7931,0.64445,0.28539,0.78904,1.04599e-05,1.04599e-05,1.04599e-05
411,48000.3,0.43265,0.25035,0.78033,0.96539,0.86831,0.92756,0.79321,0.64462,0.28541,0.78903,1.0351e-05,1.0351e-05,1.0351e-05
412,48116.6,0.43197,0.25001,0.77968,0.96607,0.86746,0.92724,0.79311,0.64378,0.28514,0.78899,1.02421e-05,1.02421e-05,1.02421e-05
413,48233.1,0.4374,0.25197,0.77959,0.96669,0.86706,0.92708,0.793,0.64318,0.28499,0.78896,1.01332e-05,1.01332e-05,1.01332e-05
414,48349.7,0.43355,0.25077,0.78014,0.96657,0.86707,0.92697,0.79316,0.64259,0.28476,0.78893,1.00243e-05,1.00243e-05,1.00243e-05
415,48466.1,0.43469,0.25176,0.7802,0.96623,0.86729,0.92723,0.79315,0.64394,0.285,0.78897,9.9154e-06,9.9154e-06,9.9154e-06
416,48582.6,0.43671,0.25201,0.78037,0.96733,0.86705,0.92712,0.79291,0.64417,0.28502,0.78897,9.8065e-06,9.8065e-06,9.8065e-06
417,48699.1,0.43507,0.25115,0.78008,0.96724,0.86697,0.92718,0.79298,0.6444,0.28509,0.78897,9.6976e-06,9.6976e-06,9.6976e-06
418,48815.4,0.43247,0.25072,0.78006,0.96825,0.8665,0.92709,0.79261,0.64522,0.28529,0.789,9.5887e-06,9.5887e-06,9.5887e-06
419,48931.8,0.43334,0.25012,0.77986,0.96883,0.86572,0.92725,0.79312,0.64393,0.28492,0.78895,9.4798e-06,9.4798e-06,9.4798e-06
420,49048.1,0.43398,0.25123,0.77908,0.96782,0.86634,0.92715,0.79278,0.64458,0.28504,0.78897,9.3709e-06,9.3709e-06,9.3709e-06
421,49164.6,0.43525,0.25186,0.77943,0.96791,0.86642,0.92716,0.79302,0.64405,0.2849,0.78895,9.262e-06,9.262e-06,9.262e-06
422,49281,0.43516,0.2521,0.77932,0.9674,0.86661,0.9272,0.79283,0.64445,0.28498,0.78896,9.1531e-06,9.1531e-06,9.1531e-06
423,49397.4,0.43413,0.25,0.77987,0.96673,0.86651,0.92736,0.79279,0.64478,0.28505,0.78896,9.0442e-06,9.0442e-06,9.0442e-06
424,49514,0.43617,0.25128,0.77983,0.96706,0.86725,0.92748,0.79289,0.64437,0.28491,0.78898,8.9353e-06,8.9353e-06,8.9353e-06
425,49630.4,0.43342,0.2508,0.77972,0.96599,0.86793,0.9276,0.79304,0.6447,0.28498,0.78898,8.8264e-06,8.8264e-06,8.8264e-06
426,49746.9,0.43523,0.25142,0.77967,0.96718,0.86691,0.92759,0.79347,0.64317,0.28453,0.78891,8.7175e-06,8.7175e-06,8.7175e-06
427,49863.2,0.43006,0.2497,0.78002,0.96699,0.86705,0.92759,0.79347,0.64351,0.28461,0.78894,8.6086e-06,8.6086e-06,8.6086e-06
428,49979.7,0.43257,0.25075,0.77964,0.96666,0.86715,0.92747,0.79311,0.64492,0.28494,0.78899,8.4997e-06,8.4997e-06,8.4997e-06
429,50096.1,0.43081,0.24915,0.77933,0.96726,0.86658,0.92754,0.79346,0.64397,0.28468,0.78896,8.3908e-06,8.3908e-06,8.3908e-06
430,50212.6,0.432,0.25023,0.77946,0.96721,0.8664,0.92755,0.79319,0.64463,0.28481,0.78899,8.2819e-06,8.2819e-06,8.2819e-06
431,50328.7,0.4281,0.24861,0.78026,0.96793,0.86586,0.92772,0.79349,0.64451,0.28481,0.78896,8.173e-06,8.173e-06,8.173e-06
432,50445.2,0.42975,0.24952,0.77988,0.96775,0.86567,0.92776,0.79364,0.64433,0.28474,0.78894,8.0641e-06,8.0641e-06,8.0641e-06
433,50561.8,0.42993,0.2487,0.77938,0.96789,0.86578,0.92788,0.79384,0.64459,0.28479,0.78894,7.9552e-06,7.9552e-06,7.9552e-06
434,50678.1,0.4274,0.24777,0.77994,0.96789,0.86615,0.92802,0.79407,0.64447,0.28473,0.78893,7.8463e-06,7.8463e-06,7.8463e-06
435,50794.3,0.42466,0.24704,0.7805,0.96668,0.86626,0.92798,0.79444,0.64349,0.28446,0.78888,7.7374e-06,7.7374e-06,7.7374e-06
436,50910.6,0.42748,0.24856,0.78043,0.96837,0.86534,0.92812,0.79488,0.64187,0.28402,0.78881,7.6285e-06,7.6285e-06,7.6285e-06
437,51027.3,0.42874,0.24904,0.77925,0.96824,0.8654,0.92792,0.79445,0.64338,0.28442,0.78887,7.5196e-06,7.5196e-06,7.5196e-06
438,51143.6,0.42786,0.2484,0.78007,0.96808,0.8659,0.9278,0.79428,0.64359,0.28443,0.78886,7.4107e-06,7.4107e-06,7.4107e-06
439,51260,0.42968,0.24845,0.77883,0.96828,0.86533,0.92782,0.79406,0.64455,0.28464,0.78889,7.3018e-06,7.3018e-06,7.3018e-06
440,51376.7,0.43003,0.24879,0.77928,0.96843,0.86552,0.92768,0.79373,0.64576,0.28491,0.78892,7.1929e-06,7.1929e-06,7.1929e-06
441,51492.9,0.42655,0.2473,0.77983,0.96906,0.86494,0.92767,0.79378,0.6447,0.28462,0.78888,7.084e-06,7.084e-06,7.084e-06
442,51609.4,0.42734,0.24724,0.77879,0.96876,0.8656,0.92765,0.7941,0.64358,0.28432,0.78883,6.9751e-06,6.9751e-06,6.9751e-06
443,51725.6,0.42447,0.24644,0.77878,0.96911,0.86556,0.92769,0.79426,0.64331,0.28421,0.7888,6.8662e-06,6.8662e-06,6.8662e-06
444,51842,0.42565,0.24734,0.77981,0.96853,0.86595,0.92776,0.79418,0.64356,0.28424,0.7888,6.7573e-06,6.7573e-06,6.7573e-06
445,51958.3,0.42725,0.24775,0.77928,0.96889,0.86572,0.92763,0.79414,0.64364,0.28423,0.78879,6.6484e-06,6.6484e-06,6.6484e-06
446,52074.9,0.42839,0.24853,0.7787,0.9688,0.86558,0.92764,0.79408,0.6442,0.28437,0.78881,6.5395e-06,6.5395e-06,6.5395e-06
447,52191.4,0.42546,0.24699,0.77988,0.9686,0.8657,0.92772,0.79424,0.64358,0.28417,0.78879,6.4306e-06,6.4306e-06,6.4306e-06
448,52307.7,0.42685,0.24777,0.77938,0.96954,0.86531,0.92771,0.79432,0.6427,0.2839,0.78876,6.3217e-06,6.3217e-06,6.3217e-06
449,52424.1,0.42524,0.24755,0.77879,0.96941,0.86528,0.92777,0.79463,0.64172,0.28362,0.78872,6.2128e-06,6.2128e-06,6.2128e-06
450,52540.4,0.42212,0.24569,0.77909,0.96978,0.86475,0.92778,0.79431,0.64223,0.28373,0.78876,6.1039e-06,6.1039e-06,6.1039e-06
451,52656.7,0.42544,0.2469,0.77979,0.96945,0.86506,0.92784,0.79437,0.64215,0.28373,0.78876,5.995e-06,5.995e-06,5.995e-06
452,52773,0.42565,0.24704,0.77944,0.96747,0.86663,0.92791,0.79461,0.64208,0.28367,0.78873,5.8861e-06,5.8861e-06,5.8861e-06
453,52889.4,0.42571,0.24715,0.77912,0.96753,0.86626,0.92811,0.79437,0.64245,0.28377,0.78873,5.7772e-06,5.7772e-06,5.7772e-06
454,53005.7,0.42553,0.24717,0.77959,0.96648,0.86707,0.92808,0.79464,0.64112,0.28343,0.78868,5.6683e-06,5.6683e-06,5.6683e-06
455,53121.9,0.42197,0.2456,0.77991,0.96586,0.86726,0.92805,0.79463,0.64156,0.28353,0.78869,5.5594e-06,5.5594e-06,5.5594e-06
456,53238.4,0.42615,0.24684,0.77866,0.96788,0.86607,0.9281,0.79474,0.64134,0.2835,0.78869,5.4505e-06,5.4505e-06,5.4505e-06
457,53354.7,0.42587,0.24721,0.77902,0.96766,0.86625,0.92821,0.79482,0.64095,0.28337,0.78868,5.3416e-06,5.3416e-06,5.3416e-06
458,53471.1,0.42139,0.24479,0.77899,0.96762,0.86604,0.92814,0.79514,0.64092,0.28332,0.78868,5.2327e-06,5.2327e-06,5.2327e-06
459,53587.7,0.42631,0.24679,0.77923,0.96769,0.86612,0.92826,0.79511,0.64112,0.28335,0.78869,5.1238e-06,5.1238e-06,5.1238e-06
460,53704,0.42026,0.24426,0.77943,0.9691,0.86526,0.92827,0.79516,0.64112,0.28332,0.78869,5.0149e-06,5.0149e-06,5.0149e-06
461,53820.2,0.41992,0.24404,0.77928,0.96904,0.86487,0.92828,0.79527,0.64088,0.28326,0.78868,4.906e-06,4.906e-06,4.906e-06
462,53936.6,0.41918,0.24412,0.77943,0.96952,0.86491,0.92818,0.7954,0.64086,0.28324,0.78868,4.7971e-06,4.7971e-06,4.7971e-06
463,54053.4,0.42499,0.24586,0.77853,0.96955,0.86505,0.92816,0.79523,0.64116,0.28332,0.7887,4.6882e-06,4.6882e-06,4.6882e-06
464,54169.8,0.42258,0.24477,0.77877,0.96963,0.86446,0.92794,0.795,0.64115,0.28331,0.7887,4.5793e-06,4.5793e-06,4.5793e-06
465,54286.1,0.42074,0.24431,0.77933,0.96975,0.86444,0.92798,0.79525,0.64038,0.28307,0.78867,4.4704e-06,4.4704e-06,4.4704e-06
466,54402.6,0.42213,0.24406,0.77845,0.96874,0.86497,0.92805,0.79512,0.64071,0.28312,0.78868,4.3615e-06,4.3615e-06,4.3615e-06
467,54518.8,0.41928,0.24408,0.77912,0.9705,0.86375,0.92803,0.79511,0.64087,0.28314,0.78867,4.2526e-06,4.2526e-06,4.2526e-06
468,54635.1,0.42234,0.24561,0.77926,0.97196,0.86306,0.92801,0.79529,0.64006,0.28295,0.78864,4.1437e-06,4.1437e-06,4.1437e-06
469,54751.3,0.41762,0.24326,0.77954,0.96919,0.86501,0.928,0.79541,0.63956,0.28277,0.78861,4.0348e-06,4.0348e-06,4.0348e-06
470,54868,0.42456,0.24582,0.7792,0.96745,0.86601,0.92801,0.7954,0.64032,0.28294,0.78864,3.9259e-06,3.9259e-06,3.9259e-06
471,54984.4,0.41973,0.24409,0.7787,0.967,0.86622,0.92814,0.79569,0.63948,0.28272,0.78862,3.817e-06,3.817e-06,3.817e-06
472,55100.9,0.42172,0.24474,0.77918,0.9666,0.8663,0.92792,0.7954,0.64049,0.28295,0.78866,3.7081e-06,3.7081e-06,3.7081e-06
473,55217.1,0.41764,0.24352,0.77905,0.96566,0.8667,0.92787,0.7952,0.64094,0.28303,0.78868,3.5992e-06,3.5992e-06,3.5992e-06
474,55333.6,0.42154,0.24493,0.77859,0.96553,0.86684,0.92802,0.79529,0.64058,0.28292,0.78866,3.4903e-06,3.4903e-06,3.4903e-06
475,55449.7,0.41804,0.24311,0.77931,0.96371,0.86859,0.92802,0.79548,0.63986,0.28274,0.78863,3.3814e-06,3.3814e-06,3.3814e-06
476,55565.9,0.41773,0.24324,0.7796,0.96367,0.86867,0.92798,0.79553,0.63923,0.28259,0.7886,3.2725e-06,3.2725e-06,3.2725e-06
477,55682.2,0.42031,0.24397,0.77875,0.96373,0.86853,0.92798,0.79578,0.6388,0.28245,0.78858,3.1636e-06,3.1636e-06,3.1636e-06
478,55798.6,0.41658,0.24276,0.77929,0.96564,0.86689,0.92795,0.79578,0.63841,0.28233,0.78856,3.0547e-06,3.0547e-06,3.0547e-06
479,55915.2,0.42192,0.24397,0.7783,0.96596,0.8667,0.92782,0.79574,0.63859,0.28236,0.78856,2.9458e-06,2.9458e-06,2.9458e-06
480,56031.8,0.41918,0.24288,0.77855,0.96627,0.86646,0.9277,0.79554,0.63983,0.28268,0.78862,2.8369e-06,2.8369e-06,2.8369e-06
481,56148.3,0.4162,0.2423,0.77915,0.96651,0.86631,0.92776,0.7955,0.63996,0.2827,0.78863,2.728e-06,2.728e-06,2.728e-06
482,56264.9,0.4166,0.24225,0.77819,0.96661,0.86625,0.92775,0.79548,0.63967,0.2826,0.78861,2.6191e-06,2.6191e-06,2.6191e-06
483,56381.3,0.42066,0.24413,0.77899,0.96651,0.86626,0.92774,0.79549,0.63979,0.28262,0.78861,2.5102e-06,2.5102e-06,2.5102e-06
484,56497.5,0.41865,0.24404,0.7791,0.9671,0.86608,0.92767,0.79543,0.63984,0.28264,0.78861,2.4013e-06,2.4013e-06,2.4013e-06
485,56613.8,0.41573,0.24151,0.77991,0.96704,0.86602,0.92767,0.79532,0.64022,0.28273,0.78863,2.2924e-06,2.2924e-06,2.2924e-06
486,56730.2,0.41704,0.24263,0.77835,0.96611,0.86698,0.92773,0.79522,0.64041,0.28277,0.78863,2.1835e-06,2.1835e-06,2.1835e-06
487,56846.5,0.41759,0.24267,0.77933,0.96479,0.86779,0.92778,0.79535,0.64033,0.28275,0.78864,2.0746e-06,2.0746e-06,2.0746e-06
488,56962.8,0.41618,0.24194,0.77873,0.96621,0.86687,0.92778,0.79544,0.64055,0.28278,0.78864,1.9657e-06,1.9657e-06,1.9657e-06
489,57079.4,0.41798,0.24242,0.7784,0.96518,0.86771,0.92786,0.79543,0.64058,0.28278,0.78865,1.8568e-06,1.8568e-06,1.8568e-06
490,57195.7,0.41662,0.24223,0.779,0.96658,0.86667,0.92789,0.79562,0.64005,0.28265,0.78862,1.7479e-06,1.7479e-06,1.7479e-06
491,57312,0.41545,0.24166,0.77956,0.9654,0.86747,0.92777,0.79524,0.64078,0.28284,0.78866,1.639e-06,1.639e-06,1.639e-06
492,57428.3,0.41647,0.24183,0.77898,0.96961,0.86407,0.92774,0.79531,0.64056,0.28279,0.78865,1.5301e-06,1.5301e-06,1.5301e-06
493,57544.6,0.41681,0.24193,0.77896,0.96971,0.86427,0.92785,0.79537,0.64049,0.28276,0.78864,1.4212e-06,1.4212e-06,1.4212e-06
494,57661.1,0.41819,0.24281,0.77866,0.96912,0.86446,0.92777,0.79541,0.64087,0.28284,0.78865,1.3123e-06,1.3123e-06,1.3123e-06
495,57777.4,0.41436,0.24151,0.77876,0.96938,0.86431,0.92783,0.79541,0.64071,0.28278,0.78864,1.2034e-06,1.2034e-06,1.2034e-06
496,57893.8,0.41665,0.24257,0.77915,0.96957,0.86487,0.9278,0.79531,0.64098,0.28283,0.78864,1.0945e-06,1.0945e-06,1.0945e-06
497,58010.3,0.41934,0.24393,0.77874,0.96956,0.86476,0.92777,0.79521,0.64105,0.28282,0.78865,9.856e-07,9.856e-07,9.856e-07
498,58126.8,0.41721,0.24221,0.77878,0.96954,0.8646,0.92783,0.79521,0.64135,0.2829,0.78866,8.767e-07,8.767e-07,8.767e-07
499,58243.3,0.41575,0.24195,0.77889,0.96855,0.86508,0.92788,0.79529,0.64121,0.28286,0.78865,7.678e-07,7.678e-07,7.678e-07
500,58359.5,0.41434,0.24145,0.77868,0.96601,0.86704,0.92782,0.79517,0.64122,0.28285,0.78864,6.589e-07,6.589e-07,6.589e-07
